Activity ID,Activity Date,Activity Name,Activity Type,Activity Description,Elapsed Time,Distance,Relative Effort,Commute,Activity Gear,Filename,Athlete Weight,Bike Weight,Elapsed Time,Moving Time,Distance,Max Speed,Average Speed,Elevation Gain,Elevation Loss,Elevation Low,Elevation High,Max Grade,Average Grade,Average Positive Grade,Average Negative Grade,Average Cadence,Max Cadence,Max Heart Rate,Average Heart Rate,Max Watts,Average Watts,Calories,Max Temperature,Average Temperature,Relative Effort,Total Work,Number of Runs,Uphill Time,Downhill Time,Other Time,Perceived Exertion,Weighted Average Power,Power Count,Prefer Perceived Exertion,Perceived Relative Effort,Commute,Total Weight Lifted,From Upload,Grade Adjusted Distance,Weather Observation Time,Weather Condition,Weather Temperature,Apparent Temperature,Dewpoint,Humidity,Weather Pressure,Wind Speed,Wind Gust,Wind Bearing,Precipitation Intensity,Sunrise Time,Sunset Time,Moon Phase,Bike,Gear,Precipitation Probability,Precipitation Type,Cloud Cover,Weather Visibility,UV Index,Weather Ozone
1809469290,"Aug 31, 2018, 8:22:09 AM",Morning Ride,Ride,"",11052,91.19,,false,,activities/1809469290.gpx,69.0,,11052.0,10842.0,91194.296875,13.5,,329.44317626953125,,6.800000190734863,82.0,9.199999809265137,0.00087724783224985,,,,,,,,153.939208984375,1860.9423828125,,,,,,,,,,,,,,0.0,,,,,,,,,,,,,,,,,,,,,,,,,
1825419427,"Sep 7, 2018, 2:06:18 PM",Afternoon Ride,Ride,"",3538,27.04,,false,,activities/1825419427.gpx,69.0,,3538.0,3468.0,27048.099609375,13.699999809265137,,115.13154602050781,,38.0,68.0,8.199999809265137,-0.0018485586624592543,,,,,,,,135.5867462158203,524.28955078125,,,,,,,,,,,,,,0.0,,,,,,,,,,,,,,,,,,,,,,,,,
1845485620,"Sep 16, 2018, 10:45:58 AM",Lunch Ride,Ride,"",2851,21.06,,false,,activities/1845485620.gpx,69.0,,2851.0,2790.0,21067.19921875,13.0,,101.70198059082031,,29.0,82.0,14.300000190734863,0.010917444713413715,,,,,,,,127.35519409179688,396.1828918457031,,,,,,,,,,,,,,0.0,,,,,,,,,,,,,,,,,,,,,,,,,
1899828778,"Oct 12, 2018, 11:05:22 AM",Afternoon Ride,Ride,,4648,32.57,,false,,activities/1899828778.gpx,69.0,,4648.0,4635.0,32569.099609375,16.100000381469727,,215.95628356933594,,30.0,81.9000015258789,26.200000762939453,-0.0036844739224761724,,,,,,,,113.56973266601562,586.9312133789062,,,,,,,,,,,,,,0.0,,,,,,,,,,,,,,,,,,,,,,,,,
1904284308,"Oct 14, 2018, 12:13:02 PM",Afternoon Ride,Ride,,3518,26.26,,false,,activities/1904284308.gpx,69.0,,3518.0,3368.0,26260.30078125,11.5,,128.5685272216797,,30.100000381469727,69.30000305175781,6.699999809265137,-0.016755329445004463,,,,,,,,130.8762664794922,491.4822998046875,,,,,,,,,,,,,,0.0,,,,,,,,,,,,,,,,,,,,,,,,,
1916538006,"Oct 20, 2018, 2:17:07 PM",Afternoon Ride,Ride,,3658,31.79,,false,,activities/1916538006.gpx,69.0,,3658.0,3658.0,31789.5,11.899999618530273,,140.19007873535156,,24.0,81.19999694824219,7.400000095367432,-0.0012582771014422178,,,,,,,,161.6396942138672,659.2749633789062,,,,,,,,,,,,,,0.0,,,,,,,,,,,,,,,,,,,,,,,,,
1930463663,"Oct 27, 2018, 3:00:08 PM",Afternoon Ride,Ride,,4678,39.37,,false,,activities/1930463663.gpx,69.0,,4678.0,4665.0,39374.19921875,14.600000381469727,,224.02188110351562,,24.0,83.30000305175781,10.699999809265137,-0.004825494717806578,,,,,,,,152.83091735839844,794.9461669921875,,,,,,,,,,,,,,0.0,,,,,,,,,,,,,,,,,,,,,,,,,
2029233671,"Dec 22, 2018, 9:19:58 AM",Morning Ride,Ride,,4482,29.90,,false,,activities/2029233671.gpx,69.0,,4482.0,3983.0,29903.400390625,12.399999618530273,,168.89271545410156,,35.099998474121094,74.30000305175781,6.900000095367432,-0.001003230456262827,,,,,,,,135.4989776611328,601.7570190429688,,,,,,,,,,,,,,0.0,,,,,,,,,,,,,,,,,,,,,,,,,
2033225088,"Dec 24, 2018, 10:20:15 AM",Deel 1 met Gerben,Ride,"",5583,45.71,,false,,activities/2172691925.gpx.gz,69.0,,5583.0,5559.0,45716.30078125,11.399999618530273,,115.01714324951172,,13.199999809265137,43.5,7.199999809265137,-0.006562211085110903,,,,,,,,131.5657501220703,815.4819946289062,,,,,,,,,,,,,,0.0,,,,,,,,,,,,,,,,,,,,,,,,,
2033305936,"Aug 7, 2018, 7:54:39 AM",Morning Ride,Ride,,4291,32.16,,false,,activities/2172775515.gpx.gz,69.0,,4291.0,4291.0,32164.80078125,15.300000190734863,,513.8490600585938,,104.9000015258789,273.0,14.5,-0.02642640471458435,,,,,,,,153.1067352294922,732.5338134765625,,,,,,,,,,,,,,0.0,,,,,,,,,,,,,,,,,,,,,,,,,
2034674284,"Dec 25, 2018, 10:16:22 AM",Lunch Ride,Ride,,3810,30.49,,false,,activities/2174217256.gpx.gz,69.0,,3810.0,3810.0,30490.0,11.100000381469727,,86.49714660644531,,25.0,41.599998474121094,4.199999809265137,-0.003935716580599546,,,,,,,,121.90856170654297,517.8858642578125,,,,,,,,,,,,,,0.0,,,,,,,,,,,,,,,,,,,,,,,,,
2038448659,"Dec 27, 2018, 2:56:16 PM",Kerstkilo‚Äôs verbranden,Run,,2455,9.14,,false,,activities/2038448659.gpx,69.0,,2455.0,2449.0,9139.400390625,5.400000095367432,,25.70681381225586,,35.599998474121094,50.20000076293945,3.9000000953674316,0.0,,,,,,,,,776.6257934570312,,,,,,,,,,,,,,0.0,,,,,,,,,,,,,,,,,,,,,,,,,
2044338773,"Dec 30, 2018, 11:21:23 AM",Alvast voor de oliebollen,Ride,"",3862,31.45,,false,,activities/2184438143.gpx.gz,69.0,,3862.0,3862.0,31457.0,11.699999809265137,,86.79460144042969,,27.5,48.599998474121094,7.199999809265137,-0.0057220966555178165,,,,,,,,129.66770935058594,558.365966796875,,,,,,,,,,,,,,0.0,,,,,,,,,,,,,,,,,,,,,,,,,
2050651077,"Jan 2, 2019, 3:03:18 PM",Afternoon Run,Run,,1870,7.21,,false,,activities/2050651077.gpx,69.0,,1870.0,1859.0,7214.7001953125,5.300000190734863,,0.0,,28.299999237060547,29.700000762939453,2.5999999046325684,0.004158176947385073,,,,,,,,,612.264892578125,,,,,,,,,,,,,,0.0,,,,,,,,,,,,,,,,,,,,,,,,,
2052318462,"Jan 3, 2019, 9:01:36 AM",Morning Ride,Ride,,4657,38.70,,false,,activities/2192933271.gpx.gz,69.0,,4657.0,4657.0,38700.3984375,11.100000381469727,,110.17237854003906,,14.699999809265137,39.900001525878906,6.199999809265137,-0.004134324379265308,,,,,,,,135.9114532470703,705.7277221679688,,,,,,,,,,,,,,0.0,,,,,,,,,,,,,,,,,,,,,,,,,
2057742478,"Jan 5, 2019, 4:06:12 PM",Avondrondje,Run,,2853,10.14,,false,,activities/2057742478.gpx,69.0,,2853.0,2840.0,10144.900390625,6.5,,25.602746963500977,,31.200000762939453,55.79999923706055,3.799999952316284,0.0,,,,,,,,,861.6929321289062,,,,,,,,,,,,,,0.0,,,,,,,,,,,,,,,,,,,,,,,,,
2070675586,"Jan 7, 2019, 4:00:00 PM",Praxtour,Ride,,3600,0,,false,,,69.0,,3600.0,3600.0,0.0,,,,,,,,0.0,,,,,,,,,,,,,,,,,,,,,,,0.0,,,,,,,,,,,,,,,,,,,,,,,,,
2070676423,"Jan 10, 2019, 8:20:00 AM",Praxtour,Ride,,3600,0,,false,,,69.0,,3600.0,3600.0,0.0,,,,,,,,0.0,,,,,,,,,,,,,,,,,,,,,,,0.0,,,,,,,,,,,,,,,,,,,,,,,,,
2092330827,"Jan 20, 2019, 4:25:07 PM",Praxtour,Ride,Rondje holterberg,4500,0,,false,,,69.0,,4500.0,4500.0,0.0,,,,,,,,0.0,,,,,,,,,,,,,,,,,,,,,,,0.0,,,,,,,,,,,,,,,,,,,,,,,,,
2096501399,"Jan 22, 2019, 4:15:00 PM",Sneeuwontwijkend gedrag,Ride,Praxtour,2700,0,,false,,,69.0,,2700.0,2700.0,0.0,,,,,,,,0.0,,,,,,,,,,,,,,,,,,,,,,,0.0,,,,,,,,,,,,,,,,,,,,,,,,,
2111365048,"Jan 29, 2019, 10:15:56 AM",Praxtour,Ride,Holterberg,3600,0,,false,,,69.0,,3600.0,3600.0,0.0,,,,,,,,0.0,,,,,,,,,,,,,,,,,,,,,,,0.0,,,,,,,,,,,,,,,,,,,,,,,,,
2117399020,"Feb 1, 2019, 3:41:02 PM",Afternoon run,Run,Boswandelingüå≤‚ùÑÔ∏è,2754,9.98,,false,,activities/2117399020.gpx,69.0,,2754.0,2743.0,9983.900390625,5.400000095367432,,39.937931060791016,,37.099998474121094,64.4000015258789,17.0,0.001001612632535398,,,,,,,,,850.3156127929688,,,,,,,,,,,,,,0.0,,,,,,,,,,,,,,,,,,,,,,,,,
2126212716,"Feb 5, 2019, 2:07:35 PM",Afternoon Ride,Ride,,6019,48.83,,false,,activities/2270011087.gpx.gz,69.0,,6019.0,6019.0,48830.69921875,9.800000190734863,,120.66487884521484,,11.5,37.70000076293945,5.300000190734863,-0.0063484651036560535,,,,,,,,128.36941528320312,861.5109252929688,,,,,,,,,,,,,,0.0,,,,,,,,,,,,,,,,,,,,,,,,,
2132848735,"Feb 8, 2019, 6:05:00 PM",Praxtour,Ride,Jammer van de regen op de terugweg,4200,0,,false,,,69.0,,4200.0,4200.0,0.0,,,,,,,,0.0,,,,,,,,,,,,,,,,,,,,,,,0.0,,,,,,,,,,,,,,,,,,,,,,,,,
2137725716,"Feb 10, 2019, 6:45:00 PM",Praxtour en loopband,Ride,"45 min fietsen
15 min lopen
Wederom een nat pak op de terugwegüåßüåß",3600,0,,false,,,69.0,,3600.0,3600.0,0.0,,,,,,,,0.0,,,,,,,,,,,,,,,,,,,,,,,0.0,,,,,,,,,,,,,,,,,,,,,,,,,
2152970323,"Feb 16, 2019, 10:39:06 AM",Zonlicht pakken‚òÄÔ∏èüëå,Ride,"",5192,44.63,,false,,activities/2294519301.gpx.gz,69.0,,5192.0,5192.0,44638.19921875,10.899999618530273,,117.46666717529297,,25.200000762939453,48.79999923706055,6.800000190734863,-0.002912303898483515,,,,,,,,148.10235595703125,857.3763427734375,,,,,,,,,,,,,,0.0,,,,,,,,,,,,,,,,,,,,,,,,,
2169129304,"Feb 19, 2019, 4:00:25 PM",Praxtour,Ride,"",4200,0,,false,,,69.0,,4200.0,4200.0,0.0,,,,,,,,0.0,,,,,,,,,,,,,,,,,,,,,,,0.0,,,,,,,,,,,,,,,,,,,,,,,,,
2169187641,"Feb 23, 2019, 10:40:54 AM",Zonnetje pakken met Gerben‚òÄÔ∏èüö¥üèª‚Äç‚ôÇÔ∏è,Ride,"",5698,47.96,,false,,activities/2312334940.gpx.gz,69.0,,5698.0,5698.0,47959.80078125,11.399999618530273,,126.59333038330078,,13.199999809265137,48.79999923706055,4.099999904632568,-0.013136001303792,,,,,,,,141.45767211914062,898.7188110351562,,,,,,,,,,,,,,0.0,,,,,,,,,,,,,,,,,,,,,,,,,
2175186931,"Feb 25, 2019, 6:44:35 PM",Wanneer je fiets niet is waar jij bentüòï,Ride,Uurtje praxtour,3720,0,,false,,,69.0,,3720.0,3720.0,0.0,,,,,,,,0.0,,,,,,,,,,,,,,,,,,,,,,,0.0,,,,,,,,,,,,,,,,,,,,,,,,,
2177209965,"Feb 26, 2019, 4:49:58 PM",Stukkie met Han,Run,,2394,6.32,,false,,activities/2177209965.gpx,69.0,,2394.0,2385.0,6326.39990234375,5.099999904632568,,13.810256004333496,,0.0,5.900000095367432,10.5,0.001580677810125053,,,,,,,,,538.5411376953125,,,,,,,,,,,,,,0.0,,,,,,,,,,,,,,,,,,,,,,,,,
2185869188,"Mar 2, 2019, 9:53:44 AM",Morning Ride,Ride,,5992,51.72,,false,,activities/2329484642.gpx.gz,69.0,,5992.0,5992.0,51724.1015625,10.800000190734863,,148.0211181640625,,25.200000762939453,54.0,13.0,0.002900002058595419,,,,,,,,148.74148559570312,993.7537231445312,,,,,,,,,,,,,,0.0,,,,,,,,,,,,,,,,,,,,,,,,,
2193087996,"Mar 5, 2019, 4:29:29 PM",Deel I met Hanneke,Run,"",1831,4.78,,false,,activities/2193087996.gpx,69.0,,1831.0,1821.0,4788.2001953125,4.300000190734863,,7.2180070877075195,,-1.100000023841858,5.400000095367432,7.300000190734863,-0.002088467590510845,,,,,,,,,406.8116455078125,,,,,,,,,,,,,,0.0,,,,,,,,,,,,,,,,,,,,,,,,,
2193183084,"Mar 5, 2019, 5:00:26 PM",Deel IIüõ£,Run,,1988,7.16,,false,,activities/2193183084.gpx,69.0,,1988.0,1988.0,7159.60009765625,5.599999904632568,,16.941925048828125,,0.0,5.900000095367432,13.800000190734863,-0.001396726118400693,,,,,,,,,609.4248046875,,,,,,,,,,,,,,0.0,,,,,,,,,,,,,,,,,,,,,,,,,
2195663807,"Mar 6, 2019, 6:28:09 PM",Praxtourüö¥üèª‚Äç‚ôÇÔ∏è,Ride,,4200,0,,false,,,69.0,,4200.0,4200.0,0.0,,,,,,,,0.0,,,,,,,,,,,,,,,,,,,,,,,0.0,,,,,,,,,,,,,,,,,,,,,,,,,
2202157932,"Mar 9, 2019, 4:20:07 PM",Afternoon Run,Run,,4375,15.77,257,false,,activities/2346243816.fit.gz,69.0,,4375.0,4375.0,15773.2998046875,5.400000095367432,,69.68000030517578,1534.0,35.099998474121094,68.4000015258789,6.599999904632568,0.0012679655337706208,,,0.0,,189.0,175.03875732421875,,,1024.0,,0.0,257.0,,,,,,,,,,,0.0,,,,,,,,,,,,,,,,,,,,,,,,,
2207169118,"Mar 11, 2019, 6:26:11 PM",Evening Ride,Virtual Ride,"",4812,0,85,false,,activities/2351428753.fit.gz,69.0,,4812.0,4812.0,0.0,0.0,,0.0,0.0,,,0.0,0.0,,,0.0,,163.0,144.99688720703125,,,844.0,,0.0,85.0,,,,,,,,,,,0.0,,,,,,,,,,,,,,,,,,,,,,,,,
2208820762,"Mar 12, 2019, 4:48:18 PM",Afternoon Run,Run,,2639,7.41,39,false,,activities/2353113697.fit.gz,69.0,,2639.0,2639.0,7418.0,4.400000095367432,,16.176786422729492,503.0,0.0,5.800000190734863,5.300000190734863,-0.0013480723137035966,,,0.0,,158.0,144.0284423828125,,,460.0,,0.0,,,,,,,,,,,,0.0,,,,,,,,,,,,,,,,,,,,,,,,,
2213459282,"Mar 14, 2019, 6:40:44 PM",Rollenüåß,Ride,"",3071,0,82,false,,activities/2357857367.fit.gz,69.0,,3071.0,3071.0,0.0,0.0,,0.0,0.0,,,0.0,0.0,,,0.0,,174.0,153.44839477539062,,,585.0,,0.0,82.0,,,,,,,,,,,0.0,,,,,,,,,,,,,,,,,,,,,,,,,
2217630114,"Mar 16, 2019, 4:08:11 PM",Afternoon Run,Run,(11/14) wel goed opgenomen,3158,11.14,209,false,,activities/2362155955.fit.gz,69.0,,3158.0,3155.0,11148.7001953125,5.400000095367432,,27.360000610351562,185.0,30.799999237060547,43.099998474121094,4.800000190734863,0.03318772464990616,,,0.0,,192.0,179.1398162841797,,,745.0,,0.0,209.0,,,,,,,,,,,0.0,,,,,,,,,,,,,,,,,,,,,,,,,
2217630861,"Mar 16, 2019, 3:54:40 PM",Afternoon Run,Run,(3/14) verkeerd opgenomen,748,0,30,false,,activities/2362156776.fit.gz,69.0,,748.0,748.0,0.0,0.0,,0.0,0.0,,,0.0,0.0,,,0.0,,181.0,164.54812622070312,,,156.0,,0.0,30.0,,,,,,,,,,,0.0,,,,,,,,,,,,,,,,,,,,,,,,,
2220271100,"Mar 17, 2019, 1:08:14 PM",Door weer en windüåßüö¥üèª‚Äç‚ôÇÔ∏èüå®üå§,Ride,"",5130,47.69,,false,Cube Attain Race Disc,activities/2364910213.gpx.gz,69.0,9.800000190734863,5130.0,5130.0,47691.30078125,14.300000190734863,,112.62857055664062,,11.0,39.900001525878906,5.900000095367432,-0.006080773659050465,,,,,,,,184.1221160888672,1051.118408203125,,,,,,,,,,,,,,0.0,,,,,,,,,,,,,,,,,,5783796.0,,,,,,,
2224978567,"Mar 19, 2019, 5:25:56 PM",Rondje voor de snert,Run,"",2083,8.56,77,false,,activities/2369770288.fit.gz,69.0,,2083.0,2080.0,8559.2998046875,7.5,,20.463333129882812,170.0,0.10000000149011612,6.599999904632568,4.599999904632568,0.0,,,0.0,,194.0,180.67918395996094,,,496.0,,0.0,77.0,,,,,,,,,,,0.0,,,8584.7001953125,,,,,,,,,,,,,,,,,,,,,,
2228048061,"Mar 20, 2019, 7:09:53 PM",Evening Ride,Ride,,3653,0,69,false,,activities/2372923206.fit.gz,69.0,,3653.0,3653.0,0.0,0.0,,0.0,0.0,,,0.0,0.0,,,0.0,,172.0,146.79331970214844,,,653.0,,0.0,69.0,,,,,,,,,,,0.0,,,,,,,,,,,,,,,,,,,,,,,,,
2234199998,"Mar 23, 2019, 11:58:38 AM",Rondje met Gerben,Ride,"",6640,58.60,153,false,Cube Attain Race Disc,activities/2379295775.fit.gz,69.0,9.800000190734863,6640.0,6640.0,58606.6015625,12.100000381469727,,67.0,71.0,97.0,118.0,3.200000047683716,-0.006825170014053583,,,0.0,,185.0,139.2728271484375,,155.97409057617188,1082.0,,10.0,153.0,,,,,,,,,,,0.0,,,,,,,,,,,,,,,,,,5783796.0,,,,,,,
2239998574,"Mar 25, 2019, 4:09:59 PM",Rollen,Ride,"",3771,0,67,false,,activities/2385375734.fit.gz,69.0,,3771.0,3771.0,0.0,0.0,,0.0,0.0,,,0.0,0.0,,,0.0,,183.0,143.873779296875,,,651.0,,0.0,67.0,,,,,,,,,,,0.0,,,,,,,,,,,,,,,,,,,,,,,,,
2242356913,"Mar 26, 2019, 4:23:18 PM",Rustig rondje langs het water,Run,"",3570,12.58,176,false,,activities/2387807552.fit.gz,69.0,,3570.0,3567.0,12579.7001953125,5.800000190734863,,26.66880989074707,284.0,0.0,6.699999809265137,5.599999904632568,0.015103698708117008,,,0.0,,176.0,169.6276397705078,,,785.0,,0.0,,,,,,,,,,,,0.0,,,,,,,,,,,,,,,,,,,,,,,,,
2252244448,"Mar 30, 2019, 1:43:34 PM",Middagrondje in de zonüå§,Ride,"",6770,60.33,241,false,Cube Attain Race Disc,activities/2398068413.fit.gz,69.0,9.800000190734863,6770.0,6751.0,60331.6015625,13.199999809265137,,74.0,75.0,90.0,108.0,3.0999999046325684,0.0,,,0.0,,194.0,155.13165283203125,,163.77508544921875,1264.0,,17.0,241.0,,,,,,,,,,,0.0,,,,,,,,,,,,,,,,,,5783796.0,,,,,,,
2257577558,"Apr 1, 2019, 4:13:54 PM",Zonnetje pakken‚òÄÔ∏èüèÉüèª‚Äç‚ôÇÔ∏è,Run,"",1895,7.33,91,false,,activities/2403654073.fit.gz,69.0,,1895.0,1895.0,7330.2998046875,5.699999809265137,,16.05666732788086,416.0,0.10000000149011612,5.900000095367432,6.699999809265137,0.0,,,0.0,,196.0,166.80360412597656,,,404.0,,0.0,,,,,,,,,,,,0.0,,,,,,,,,,,,,,,,,,,,,,,,,
2267260343,"Apr 5, 2019, 3:48:24 PM",Avondrondje,Ride,"",4178,34.92,132,false,Cube Attain Race Disc,activities/2413639977.fit.gz,69.0,9.800000190734863,4178.0,4155.0,34921.1015625,10.399999618530273,,29.0,30.0,100.0,111.0,1.5,-0.0028635982889682055,,,0.0,,172.0,158.57737731933594,,139.1583709716797,836.0,,7.0,132.0,,,,,,,,,,,0.0,,,,,,,,,,,,,,,,,,5783796.0,,,,,,,
2271790457,"Apr 7, 2019, 8:51:52 AM",Morning Ride,Ride,"",6525,56.98,267,false,Cube Attain Race Disc,activities/2418380479.fit.gz,69.0,9.800000190734863,6525.0,6525.0,56988.1015625,11.600000381469727,,66.0,68.0,95.0,107.0,1.2000000476837158,-0.003509504720568657,,,0.0,,185.0,164.71109008789062,,154.4257049560547,1380.0,,20.0,267.0,,,,,,,,,,,0.0,,,,,,,,,,,,,,,,,,5783796.0,,,,,,,
2274847301,"Apr 8, 2019, 3:12:20 PM",Afternoon Run,Run,,3551,13.05,127,false,,activities/2421614599.fit.gz,68.0,,3551.0,3551.0,13054.7998046875,5.5,,25.559524536132812,1258.0,0.0,5.800000190734863,4.300000190734863,0.0,,,0.0,,180.0,171.27598571777344,,,788.0,,0.0,,,,,,,,,,,,0.0,,,,,,,,,,,,,,,,,,,,,,,,,
2288657484,"Apr 14, 2019, 7:46:10 AM",Pre-Parijs-Roubaix met Gerbenüö¥üèª‚Äç‚ôÇÔ∏è‚òÄÔ∏è,Ride,"",6305,55.24,243,false,Cube Attain Race Disc,activities/2435942844.fit.gz,69.0,9.800000190734863,6305.0,6305.0,55248.19921875,11.399999618530273,,56.0,57.0,72.0,94.0,2.799999952316284,-0.001810013665817678,,,0.0,,201.0,171.4469451904297,,153.95924377441406,1412.0,,5.0,243.0,,,,,,,,,,,0.0,,,,,,,,,,,,,,,,,,5783796.0,,,,,,,
2299408274,"Apr 18, 2019, 1:21:23 PM",Afternoon Ride,Ride,"",4813,41.94,70,false,Cube Attain Race Disc,activities/2447143618.fit.gz,69.0,9.800000190734863,4813.0,4813.0,41941.19921875,10.800000190734863,,51.0,51.0,79.0,92.0,2.200000047683716,0.0,,,0.0,,221.0,142.35336303710938,,153.34483337402344,810.0,,21.0,70.0,,,,,,,,,,,0.0,,,,,,,,,,,,,,,,,,5783796.0,,,,,,,
2302159678,"Apr 19, 2019, 1:41:44 PM",Goede vrijdag‚òÄÔ∏è,Ride,"",4839,42.59,139,false,Cube Attain Race Disc,activities/2450010241.fit.gz,69.0,9.800000190734863,4839.0,4839.0,42594.19921875,11.899999618530273,,54.0,53.0,80.0,93.0,4.5,0.004695475101470947,,,0.0,,187.0,163.1338653564453,,159.66307067871094,1010.0,,23.0,139.0,,,,,,,,,,,0.0,,,,,,,,,,,,,,,,,,5783796.0,,,,,,,
2307147961,"Apr 21, 2019, 9:48:02 AM",‚ÄúBrunch‚Äù Rideüê∞,Ride,"",4675,39.27,113,false,Cube Attain Race Disc,activities/2455248963.fit.gz,69.0,9.800000190734863,4675.0,4348.0,39277.6015625,10.699999809265137,,34.0,26.0,77.0,92.0,1.600000023841858,0.02036784403026104,,,0.0,,190.0,159.91738891601562,,168.2533416748047,873.0,,22.0,113.0,,,,,,,,,,,0.0,,,,,,,,,,,,,,,,,,5783796.0,,,,,,,
2310260544,"Apr 22, 2019, 12:29:31 PM",Batterij leeg,Ride,"",6192,54.76,191,false,Cube Attain Race Disc,activities/2458523670.gpx.gz,67.0,9.800000190734863,6192.0,6192.0,54767.1015625,11.800000190734863,,107.28785705566406,,15.399999618530273,41.599998474121094,5.800000190734863,-0.0009129568934440613,,,,,190.0,165.1218719482422,,162.5753936767578,1123.0137939453125,,24.0,191.0,,,,,,,,,,,0.0,,,,,,,,,,,,,,,,,,5783796.0,,,,,,,
2356428587,"May 10, 2019, 2:14:35 PM",Afternoon Ride,Ride,,3547,30.50,,false,Cube Attain Race Disc,activities/2506753073.fit.gz,,,,3547.0,30508.099609375,11.600000381469727,,32.0,33.0,,,,,,,0.0,,,0.0,,,601.0,,12.0,,,,,,,,,,,,,,,,,,,,,,,,,,,,,,,,,,,,,
2358791586,"May 11, 2019, 9:40:24 AM",Holterberg met/achter Gerben,Ride,"",5836,47.96,275,false,Cube Attain Race Disc,activities/2509206826.fit.gz,,,,5836.0,47960.1015625,18.450000762939453,,409.0,383.0,,,,,,,0.0,,,176.0,,,1346.0,,14.0,275.0,,,,,,,,,,,,,,,,,,,,,,,,,,,,,,,,,,,,
2362145331,"May 12, 2019, 2:01:54 PM",Afternoon Ride,Ride,,3320,30.76,,false,Cube Attain Race Disc,activities/2512706065.fit.gz,,,,3320.0,30762.69921875,11.432999610900879,,29.0,30.0,,,,,,,0.0,,,0.0,,,660.0,,13.0,,,,,,,,,,,,,,,,,,,,,,,,,,,,,,,,,,,,,
2378093154,"May 18, 2019, 3:57:54 PM",Afternoon Ride,Ride,,4647,41.85,137,false,Cube Attain Race Disc,activities/2529183327.fit.gz,,,,4647.0,41853.1015625,13.406000137329102,,46.0,47.0,,,,,,,0.0,,,164.0,,,995.0,,19.0,137.0,,,,,,,,,,,,,,,,,,,,,,,,,,,,,,,,,,,,
2380013914,"May 19, 2019, 10:07:26 AM",Lunch Ride,Ride,,7514,65.19,217,false,Cube Attain Race Disc,activities/2531183990.fit.gz,,,,7514.0,65190.6015625,11.71399974822998,,86.0,78.0,,,,,,,0.0,,,165.0,,,1607.0,,23.0,217.0,,,,,,,,,,,,,,,,,,,,,,,,,,,,,,,,,,,,
2409342755,"May 30, 2019, 1:50:10 PM",Afternoon Ride,Ride,,3679,31.67,,false,Cube Attain Race Disc,activities/2561475360.fit.gz,,,,3635.0,31675.69921875,14.649999618530273,,36.0,36.0,,,,,,,0.0,,,0.0,,,622.0,,16.0,,,,,,,,,,,,,,,,,,,,,,,,,,,,,,,,,,,,,
2411492409,"May 31, 2019, 9:16:59 AM",Lunch Ride,Ride,,6678,60.14,237,false,Cube Attain Race Disc,activities/2563696988.fit.gz,,,,6678.0,60147.8984375,11.33899974822998,,49.0,47.0,,,,,,,0.0,,,179.0,,,1604.0,,22.0,237.0,,,,,,,,,,,,,,,,,,,,,,,,,,,,,,,,,,,,
2414527616,"Jun 1, 2019, 1:06:37 PM",Afternoon Ride,Ride,"",3323,27.91,30,false,Cube Attain Race,activities/2566842312.fit.gz,,,,3323.0,27917.30078125,12.70300006866455,,60.0,52.0,,,,,,,0.0,,,149.0,,140.36924743652344,621.0,,28.0,30.0,,,,,,,,,,,,,,,,,,,,,,,,,,,,,,,,,,,,
2416964172,"Jun 2, 2019, 8:30:08 AM",‚òÄÔ∏èdagrit,Ride,"",8124,72.96,275,false,Cube Attain Race Disc,activities/2569383413.fit.gz,,,,8124.0,72964.703125,13.269000053405762,,93.0,85.0,,,,,,,0.0,,,178.0,,,1936.0,,28.0,275.0,,,,,,,,,,,,,,,,,,,,,,,,,,,,,,,,,,,,
2428650192,"Jun 5, 2019, 4:23:33 PM",Rustig rondje voor de achilles,Run,"",1087,3.14,,false,,activities/2581455491.gpx.gz,,,,1087.0,3146.0,,,6.599999904632568,,,,,,,,,,,,,,267.41815185546875,,,,,,,,,,,,,,,,,,,,,,,,,,,,,,,,,,,,,,,
2429312140,"Jun 6, 2019, 6:02:35 PM",Verkenningstochtüßê,Ride,"",6007,52.05,,false,Cube Attain Race,activities/2582133363.fit.gz,,,,6007.0,52053.69921875,12.350000381469727,,24.0,26.0,,,,,,,0.0,,,0.0,,154.6171417236328,1132.0,,15.0,,,,,,,,,,,,,,,,,,,,,,,,,,,,,,,,,,,,,
2438366409,"Jun 9, 2019, 3:01:34 PM",Afternoon Ride,Ride,"",4957,41.89,,false,Cube Attain Race,activities/2591536404.fit.gz,,,,4865.0,41898.1015625,12.519000053405762,,28.0,22.0,,,,,,,0.0,,,0.0,,153.4520721435547,851.0,,18.0,,,,,,,,,,,,,,,,,,,,,,,,,,,,,,,,,,,,,
2457838700,"Jun 17, 2019, 3:18:55 PM",Afternoon Ride,Ride,"",4155,36.56,,false,Cube Attain Race,activities/2611679780.fit.gz,,,,4029.0,36564.1015625,12.343999862670898,,30.0,26.0,,,,,,,0.0,,,0.0,,174.9768829345703,852.0,,25.0,,,,,,,,,,,,,,,,,,,,,,,,,,,,,,,,,,,,,
2477385334,"Jun 24, 2019, 5:34:45 PM",Voor de verandering: langs de Vecht,Ride,Sta je dan..,4201,37.14,,false,Cube Attain Race,activities/2631927251.fit.gz,,,4201.0,4103.0,37144.8984375,13.0,,28.0,26.0,,,,,,,0.0,,,0.0,,171.88009643554688,857.0,,27.0,,,,,,,,,,,,,,,,,,,,,,,,,,,,,,,,,,,,,
2482769647,"Jun 26, 2019, 3:43:09 PM",Afternoon Ride,Ride,"",5704,48.22,,false,Cube Attain Race,activities/2637451446.fit.gz,,,5704.0,5378.0,48224.80078125,12.152999877929688,,30.0,30.0,,,,,,,0.0,,,0.0,,172.31271362304688,1123.0,,21.0,,,,,,,,,,,,,,,,,,,,,,,,,,,,,,,,,,,,,
2498298883,"Jul 2, 2019, 3:44:38 PM",‚òÄÔ∏è‚òÄÔ∏èlangs de Vecht,Ride,"",4128,36.68,,false,Cube Attain Race,activities/2653642548.fit.gz,,,4128.0,4128.0,36688.80078125,14.689000129699707,,32.0,31.0,,,,,,,0.0,,,0.0,,164.53746032714844,850.0,,21.0,,,,,,,,,,,,,,,,,,,,,,,,,,,,,,,,,,,,,
2504522207,"Jul 4, 2019, 5:33:44 PM",Door de plassen,Ride,üå§üå§,5452,49.78,,false,Cube Attain Race,activities/2660016458.fit.gz,,,5452.0,5377.0,49785.8984375,12.678000450134277,,31.0,26.0,,,,,,,0.0,,,0.0,,187.4827880859375,1170.0,,18.0,,,,,,,,,,,,,,,,,,,,,,,,,,,,,,,,,,,,,
2512586256,"Jul 7, 2019, 3:39:02 PM",Afternoon Ride,Ride,"",4379,39.44,,false,Cube Attain Race,activities/2668219821.fit.gz,,,4379.0,4379.0,39445.69921875,13.038999557495117,,29.0,30.0,,,,,,,0.0,,,0.0,,173.34825134277344,883.0,,16.0,,,,,,,,,,,,,,,,,,,,,,,,,,,,,,,,,,,,,
2518003520,"Jul 9, 2019, 3:56:22 PM",Afternoon Ride,Ride,"",4477,36.35,,false,Cube Attain Race,activities/2673665970.fit.gz,,,4477.0,4187.0,36350.6015625,15.178000450134277,,24.0,22.0,,,,,,,0.0,,,0.0,,156.6358642578125,793.0,,18.0,,,,,,,,,,,,,,,,,,,,,,,,,,,,,,,,,,,,,
2523991807,"Jul 11, 2019, 5:03:43 PM",Evening Ride,Ride,"",6340,54.02,,false,Cube Attain Race,activities/2679755638.fit.gz,,,6340.0,6203.0,54019.3984375,13.449999809265137,,34.0,36.0,,,,,,,0.0,,,0.0,,154.4254150390625,1098.0,,20.0,,,,,,,,,,,,,,,,,,,,,,,,,,,,,,,,,,,,,
2534453281,"Jul 15, 2019, 4:17:03 PM",Rondje voor het eten,Run,,1524,5.29,,false,,activities/2534453281.gpx,,,1524.0,1524.0,5298.60009765625,,,11.059523582458496,,,,,,,,,,,,,,450.48126220703125,,,,,,,,,,,,,,,,,,,,,,,,,,,,,,,,,,,,,,,
2537348459,"Jul 16, 2019, 3:19:30 PM",Afternoon Ride,Ride,"",4711,39.06,,false,Cube Attain Race,activities/2693597143.fit.gz,,,4711.0,4317.0,39065.3984375,12.236000061035156,,31.0,26.0,,,,,,,0.0,,,0.0,,172.0194549560547,906.0,,19.0,,,,,,,,,,,,,,,,,,,,,,,,,,,,,,,,,,,,,
2543378634,"Jul 18, 2019, 2:39:39 PM",Mountainbike vergeten,Ride,Een zwembroek zou ook handig zijnüåß,10918,80.87,165,false,Cube Attain Race,activities/2699773334.fit.gz,,,10918.0,9636.0,80878.3984375,13.293999671936035,,134.0,134.0,,,,,,,0.0,,,160.0,,147.49879455566406,1981.0,,19.0,165.0,,,,,,,,,,,,,,,,,,,,,,,,,,,,,,,,,,,,
2558751908,"Jul 24, 2019, 5:27:38 AM",Morning Ride,Ride,,14764,110.16,,false,Cube Attain Race Disc,activities/2715644066.fit.gz,,,14764.0,12654.0,110165.1015625,12.225000381469727,,86.0,79.0,,,,,,,0.0,,,0.0,,,2397.0,,27.0,,,,,,,,,,,,,,,,,,,,,,,,,,,,,,,,,,,,,
2576641276,"Jul 30, 2019, 5:42:16 PM",Evening Ride,Ride,,6369,53.96,59,false,Cube Attain Race Disc,activities/2734117128.fit.gz,,,6369.0,6280.0,53967.0,12.847000122070312,,29.0,34.0,,,,,,,0.0,,,150.0,,,1179.0,,22.0,59.0,,,,,,,,,,,,,,,,,,,,,,,,,,,,,,,,,,,,
2586147259,"Aug 3, 2019, 7:54:58 AM",Morning Ride,Ride,,5527,42.14,,false,Cube Attain Race Disc,activities/2743961050.fit.gz,,,5527.0,5527.0,42147.0,17.899999618530273,,809.0,806.0,,,,,,,0.0,,,0.0,,,943.0,,15.0,,,,,,,,,,,,,,,,,,,,,,,,,,,,,,,,,,,,,
2589159331,"Aug 4, 2019, 8:19:19 AM",Morning Ride,Ride,,5212,44.37,165,false,Cube Attain Race Disc,activities/2747105338.fit.gz,,,5212.0,5212.0,44373.80078125,19.57200050354004,,642.0,584.0,,,,,,,0.0,,,175.0,,,1239.0,,21.0,165.0,,,,,,,,,,,,,,,,,,,,,,,,,,,,,,,,,,,,
2592398348,"Aug 5, 2019, 8:54:01 AM",Klein ochtendrondjeüáßüá™,Ride,"",3711,32.50,97,false,Cube Attain Race Disc,activities/2750798940.gpx.gz,,,3711.0,3711.0,32505.5,,,400.20001220703125,,,,,,,,,,,,,,792.7722778320312,,,97.0,,,,,,,,,,,,,,,,,,,,,,,,,,,,,,,,,,,,
2595440588,"Aug 6, 2019, 11:24:51 AM",Afternoon Ride,Ride,,2205,18.88,69,false,Cube Attain Race Disc,activities/2753948959.fit.gz,,,2205.0,2205.0,18880.099609375,17.049999237060547,,302.0,352.0,,,,,,,0.0,,,175.0,,,521.0,,21.0,69.0,,,,,,,,,,,,,,,,,,,,,,,,,,,,,,,,,,,,
2600790030,"Aug 8, 2019, 7:20:08 AM",Klein ochtendrondjeüå•,Ride,"",3079,26.60,61,false,Cube Attain Race Disc,activities/2759491768.fit.gz,,,3079.0,3079.0,26604.5,15.218999862670898,,317.0,328.0,,,,,,,0.0,,,164.0,,,666.0,,16.0,61.0,,,,,,,,,0.0,,,,,,,,,,,,,,,,,,,,,,,,,,,
2603803447,"Aug 9, 2019, 8:46:12 AM",Morning Ride,Ride,,3934,32.22,81,false,Cube Attain Race Disc,activities/2762619432.fit.gz,,,3934.0,3837.0,32224.69921875,17.72800064086914,,525.0,522.0,,,,,,,0.0,,,163.0,,,826.0,,21.0,81.0,,,,,,,,,,,,,,,,,,,,,,,,,,,,,,,,,,,,
2606237255,"Aug 10, 2019, 7:33:04 AM",Morning Ride,Ride,,7444,59.40,170,false,Cube Attain Race Disc,activities/2765158837.fit.gz,,,7444.0,7343.0,59406.8984375,20.899999618530273,,839.0,829.0,,,,,,,0.0,,,166.0,,,1629.0,,18.0,170.0,,,,,,,,,,,,,,,,,,,,,,,,,,,,,,,,,,,,
2610196026,"Aug 11, 2019, 7:11:49 AM",Morning Ride,Ride,"",10746,73.59,118,false,Cube Attain Race Disc,activities/2769284051.fit.gz,,,10746.0,10746.0,73598.0,19.558000564575195,,1404.0,1396.0,,,,,,,0.0,,,145.0,,,1926.0,,16.0,118.0,,,,,,,,,0.0,,,,,,,,,,,,,,,,,,,,,,,,,,,
2614616444,"Aug 13, 2019, 8:15:46 AM",Morning Run,Run,,1437,4.12,7,false,,activities/2773907319.fit.gz,,,1437.0,1437.0,4122.89990234375,6.921999931335449,,194.0,190.0,,,,,,,0.0,,,144.0,,,248.0,,0.0,7.0,,,,,,,,,,,,,,,,,,,,,,,,,,,,,,,,,,,,
2618008935,"Aug 14, 2019, 8:17:24 AM",Morning Ride,Ride,,8834,64.44,200,false,Cube Attain Race Disc,activities/2777422276.fit.gz,,,8834.0,8796.0,64443.1015625,21.143999099731445,,1324.0,1237.0,,,,,,,0.0,,,167.0,,,1956.0,,16.0,200.0,,,,,,,,,,,,,,,,,,,,,,,,,,,,,,,,,,,,
2620686336,"Aug 15, 2019, 8:40:06 AM",Op naar C√¥te des H√©zalles,Ride,"Mont-le-Soie
C√¥te des H√©zalles
Mont-le-Soie",4687,34.87,,false,Cube Attain Race Disc,activities/2780201997.gpx.gz,,,4687.0,4641.0,34870.1015625,,,747.6400146484375,,,,,,,,,,,,,,989.8619995117188,,,,,,,,,,,,,,,,,,,,,,,,,,,,,,,,,,,,,,,
2633368890,"Aug 19, 2019, 5:41:03 PM",Terug in de polderüá≥üá±,Ride,"",4327,37.82,40,false,Cube Attain Race,activities/2793424140.fit.gz,,,4327.0,4327.0,37825.3984375,12.630999565124512,,25.0,27.0,,,,,,,0.0,,,149.0,,155.35220336914062,820.0,,16.0,40.0,,,,,,,,,0.0,,,,,,,,,,,,,,,,,,,,,,,,,,,
2636026671,"Aug 20, 2019, 3:18:11 PM",Afternoon Ride,Ride,"",5756,49.83,27,false,Cube Attain Race,activities/2796203132.fit.gz,,,5756.0,5756.0,49833.30078125,12.003000259399414,,21.0,28.0,,,,,,,0.0,,,142.0,,149.27381896972656,1012.0,,18.0,27.0,,,,,,,,,0.0,,,,,,,,,,,,,,,,,,,,,,,,,,,
2641788250,"Aug 22, 2019, 3:35:38 PM",Snel naar het etenüçóü•îü•ó,Ride,"",4483,39.94,88,false,Cube Attain Race,activities/2802185897.fit.gz,,,4483.0,4394.0,39947.19921875,13.378000259399414,,27.0,27.0,,,,,,,0.0,,,163.0,,187.9559326171875,937.0,,21.0,88.0,,,,,,,,,0.0,,,,,,,,,,,,,,,,,,,,,,,,,,,
2650873265,"Aug 25, 2019, 2:27:25 PM",Afternoon Ride,Ride,"",6885,54.76,79,false,Cube Attain Race,activities/2811659498.fit.gz,,,6885.0,6213.0,54768.6015625,11.619000434875488,,33.0,32.0,,,,,,,0.0,,,155.0,,163.57022094726562,1236.0,,29.0,79.0,,,,,,,,,0.0,,,,,,,,,,,,,,,,,,,,,,,,,,,
2653749682,"Aug 26, 2019, 4:45:58 PM",Evening Ride,Ride,"",4475,39.55,37,false,Cube Attain Race,activities/2814665099.fit.gz,,,4475.0,4475.0,39549.1015625,12.005999565124512,,20.0,18.0,,,,,,,0.0,,,148.0,,159.77195739746094,834.0,,26.0,37.0,,,,,,,,,0.0,,,,,,,,,,,,,,,,,,,,,,,,,,,
2656569266,"Aug 27, 2019, 3:46:00 PM",Afternoon Ride,Ride,"",6174,53.97,67,false,Cube Attain Race,activities/2817608525.fit.gz,,,6174.0,6048.0,53972.1015625,11.894000053405762,,32.0,31.0,,,,,,,0.0,,,152.0,,165.7004852294922,1180.0,,29.0,67.0,,,,,,,,,0.0,,,,,,,,,,,,,,,,,,,,,,,,,,,
2662742175,"Aug 29, 2019, 5:29:20 PM",Warmdraaien,Ride,"",4764,42.13,,false,Cube Attain Race,activities/2824001411.fit.gz,,,4764.0,4764.0,42129.6015625,13.277999877929688,,17.0,23.0,,,,,,,0.0,,,0.0,,159.14613342285156,906.0,,17.0,,,,,,,,,,0.0,,,,,,,,,,,,,,,,,,,,,,,,,,,
2666846040,"Aug 31, 2019, 7:36:41 AM",Morning Ride,Ride,,9147,85.44,197,false,Cube Attain Race Disc,activities/2828297751.fit.gz,,,9147.0,9130.0,85448.796875,13.319000244140625,,117.0,109.0,,,,,,,0.0,,,165.0,,,2004.0,,22.0,197.0,,,,,,,,,,,,,,,,,,,,,,,,,,,,,,,,,,,,
2673775081,"Sep 2, 2019, 3:34:42 PM",Wind meeüí®,Ride,"",4887,46.89,114,false,Cube Attain Race,activities/2835541779.fit.gz,,,4887.0,4887.0,46890.69921875,12.944000244140625,,23.0,20.0,,,,,,,0.0,,,166.0,,196.76119995117188,1081.0,,18.0,114.0,,,,,,,,,0.0,,,,,,,,,,,,,,,,,,,,,,,,,,,
2690053110,"Sep 8, 2019, 8:00:20 AM",Morning Ride,Ride,,8759,81.43,252,false,Cube Attain Race Disc,activities/2852390843.fit.gz,,,8759.0,8759.0,81430.296875,13.727999687194824,,117.0,119.0,,,,,,,0.0,,,172.0,,,2039.0,,14.0,252.0,,,,,,,,,,,0.0,,,,,,,,,,,,,,,,,,,,,,,,,
2693841052,"Sep 9, 2019, 3:27:07 PM",Afternoon Ride,Ride,"",4850,43.18,53,false,Cube Attain Race,activities/2856334128.fit.gz,,,4850.0,4850.0,43184.6015625,12.388999938964844,,21.0,22.0,,,,,,,0.0,,,152.0,,167.234619140625,946.0,,16.0,53.0,,,,,,,,,0.0,,0.0,,,,,,,,,,,,,,,,,,,,,,,,,
2714144507,"Sep 16, 2019, 3:26:37 PM",Afternoon Ride,Ride,"",4863,46.38,148,false,Cube Attain Race,activities/2877405618.fit.gz,,,4863.0,4823.0,46387.80078125,12.772000312805176,,20.0,20.0,,,,,,,0.0,,,174.0,,201.78167724609375,1141.0,,14.0,148.0,,,,,,,,,0.0,,0.0,,,,,,,,,,,,,,,,,,,,,,,,,
2722871260,"Sep 19, 2019, 3:13:46 PM",Afternoon Ride,Ride,"",5930,44.37,,false,Cube Attain Race,activities/2886406991.fit.gz,,,5930.0,5580.0,44374.69921875,14.843999862670898,,87.0,89.0,,,,,,,0.0,,,0.0,,147.05099487304688,883.0,,14.0,,,,,,,,,,0.0,,0.0,,,,,,,,,,,,,,,,,,,,,,,,,
2730367386,"Sep 22, 2019, 8:27:09 AM",Morning Ride,Ride,,9099,85.90,310,false,Cube Attain Race Disc,activities/2894219585.fit.gz,,,9099.0,9053.0,85905.3984375,13.708000183105469,,141.0,127.0,,,,,,,0.0,,,178.0,,,2202.0,,20.0,310.0,,,,,,,,,,,0.0,,,,,,,,,,,,,,,,,,,,,,,,,
2749622637,"Sep 28, 2019, 2:47:01 PM",Afternoon Run,Run,,2365,6.62,,false,,activities/2914207760.gpx.gz,,,2365.0,2352.0,6626.5,,,13.316666603088379,,,,,,,,,,,,,,563.4661254882812,,,,,,,,,,,,,,0.0,,,,,,,,,,,,,,,,,,,,,,,,,
2749643281,"Sep 29, 2019, 2:04:48 PM",Zwemmen met de beverratüêÄ,Swim,,2580,"1,250",,false,,,,,2580.0,2580.0,1250.0,,,,,,,,,,,,,,,,,,,,,,,,,,,,,,,0.0,,,,,,,,,,,,,,,,,,,,,,,,,
2854796039,"Nov 10, 2019, 11:04:59 AM",Inkomrondje‚ùÑÔ∏è‚òÄÔ∏è,Ride,"",4535,38.66,,false,Cube Attain Race Disc,activities/3027500895.fit.gz,,,4535.0,4535.0,38659.30078125,10.517000198364258,,49.0,46.0,,,,,,,0.0,,,0.0,,,754.0,,6.0,,,,,,,,,,0.0,,0.0,,,,,,,,,,,,,,,,,,,,,,,,,
2871663103,"Nov 17, 2019, 12:35:18 PM",Afternoon Ride,Ride,,5027,47.44,,false,Cube Attain Race Disc,activities/3047542969.fit.gz,,,5027.0,5027.0,47448.3984375,13.449999809265137,9.439000129699707,66.0,67.0,,,,,,,0.0,,,0.0,,,1002.0,,4.0,,,,,,,,,,,,0.0,,,,,,,,,,,,,,,,,,,,,,,,,
2955458629,"Dec 25, 2019, 10:53:59 AM",Kerstrondje met GerbenüéÖüèªüéÑ,Ride,"",3988,35.05,,false,Cube Attain Race Disc,activities/3147767366.fit.gz,,,3988.0,3988.0,35055.5,10.67199993133545,8.788999557495117,39.0,48.0,,,,,,,0.0,,,0.0,,,745.0,,7.0,,,,,,,,,,0.0,,0.0,,1.0,,,,,,,,,,,,,,,,,,,,,,,
2973091158,"Jan 1, 2020, 12:51:51 PM",Eerste mistige kilometers,Ride,"",4647,41.07,,false,Cube Attain Race Disc,activities/3167963843.fit.gz,,,4647.0,4588.0,41071.5,11.227999687194824,8.977999687194824,56.0,51.0,,,,,,,0.0,,,0.0,,,915.0,,0.0,,,,,,,,,,0.0,,0.0,,1.0,,,,,,,,,,,,,,,,,,,,,,,
2976267553,"Jan 2, 2020, 1:02:07 PM",Platte band,Ride,"",5285,43.49,,false,Cube Attain Race Disc,activities/3171545939.fit.gz,,,5285.0,5206.0,43495.80078125,11.583000183105469,8.357999801635742,65.0,65.0,,,,,,,0.0,,,0.0,,,796.0,,1.0,,,,,,,,,,0.0,,0.0,,1.0,,,,,,,,,,,,,,,,,,,,,,,
2986564532,"Jan 6, 2020, 8:05:54 AM",Goed begin van de dag,Ride,"",5060,43.68,,false,Cube Attain Race,activities/3183188765.fit.gz,,,5060.0,5060.0,43687.8984375,11.800000190734863,8.633000373840332,38.0,32.0,,,,,,,0.0,,,0.0,,151.15138244628906,924.0,,5.0,,,,,,,,,,0.0,,0.0,,1.0,,,,,,,,,,,,,,,,,,,,,,,
2990622539,"Jan 7, 2020, 5:46:22 PM",Rustig inkomen met Han,Run,"",800,2.20,,false,,activities/2990622539.gpx,,,800.0,800.0,2207.10009765625,,2.7588748931884766,6.762179374694824,,,,,,,,,,,,,,187.66661071777344,,,,,,,,,,,,0.0,,0.0,,1.0,2213.60009765625,,,,,,,,,,,,,,,,,,,,,,
2992534980,"Jan 8, 2020, 8:02:01 AM",Door de plassen met Piet,Ride,"",6068,46.48,79,false,Cube Attain Race,activities/3189952909.fit.gz,,,6068.0,5921.0,46479.80078125,10.550000190734863,7.88100004196167,21.0,29.0,,,,,,,0.0,,,156.0,,119.23896789550781,1190.0,,9.0,79.0,,,,,,,,,0.0,,0.0,,1.0,,,,,,,,,,,,,,,,,,,,,,,
3002053638,"Jan 11, 2020, 4:18:21 PM",Klein rondje,Run,"",892,2.66,,false,,activities/3002053638.gpx,,,892.0,892.0,2659.300048828125,,2.9812779426574707,3.6769230365753174,,,,,,,,,,,,,,225.9951629638672,,,,,,,,,,,,0.0,,0.0,,1.0,2665.699951171875,,,,,,,,,,,,,,,,,,,,,,
3007896798,"Jan 13, 2020, 2:10:57 PM",Middagrondjeü§Ø,Ride,"",5622,50.80,144,false,Cube Attain Race,activities/3207178326.fit.gz,,,5622.0,5622.0,50799.6015625,12.430999755859375,9.053000450134277,39.0,25.0,,,,,,,0.0,,,169.0,,171.98182678222656,1276.0,,6.0,144.0,,,,,,,,,0.0,,0.0,,1.0,,,,,,,,,,,,,,,,,,,,,,,
3014092560,"Jan 15, 2020, 6:14:20 PM",Avondrondje met Han,Run,,832,2.40,,false,,activities/3014092560.gpx,,,832.0,818.0,2402.39990234375,,2.9369192123413086,7.0,,,,,,,,,,,,,,204.26632690429688,,,,,,,,,,,,,,0.0,,1.0,2409.39990234375,,,,,,,,,,,,,,,,,,,,,,
3025651267,"Jan 19, 2020, 2:16:41 PM",Zondagmiddagrondje,Ride,"",5586,51.02,,false,Cube Attain Race,activities/3227005511.fit.gz,,,5586.0,5586.0,51026.19921875,12.767000198364258,9.13599967956543,25.0,36.0,,,,,,,0.0,,,0.0,,172.25277709960938,1160.0,,5.0,,,,,,,,,,0.0,,0.0,,1.0,,,,,,,,,,,,,,,,,,,,,,,
3034475274,"Jan 22, 2020, 7:23:36 PM",Avondrondje,Run,,953,3.40,,false,,activities/3034475274.gpx,,,953.0,953.0,3405.5,,3.5734522342681885,7.214615345001221,,,,,,,,,,,,,,289.5963134765625,,,,,,,,,,,,,,0.0,,1.0,3415.89990234375,,,,,,,,,,,,,,,,,,,,,,
3036865284,"Jan 23, 2020, 5:36:45 PM",Avondrondje met Han,Run,,779,2.28,,false,,activities/3036865284.gpx,,,779.0,779.0,2281.10009765625,,2.92824125289917,6.901090621948242,,,,,,,,,,,,,,193.9741668701172,,,,,,,,,,,,,,0.0,,1.0,2288.0,,,,,,,,,,,,,,,,,,,,,,
3039309899,"Jan 24, 2020, 2:32:01 PM",Afternoon Ride,Ride,"",5638,50.80,,false,Cube Attain Race,activities/3242276973.fit.gz,,,5638.0,5638.0,50807.8984375,11.57800006866455,9.01099967956543,33.0,33.0,,,,,,,0.0,,,0.0,,166.90103149414062,1137.0,,2.0,,,,,,,,,,0.0,,0.0,,1.0,,,,,,,,,,,,,,,,,,,,,,,
3048232394,"Jan 27, 2020, 2:36:43 PM",Afternoon Ride,Ride,"",5202,45.06,79,false,Cube Attain Race,activities/3252258285.fit.gz,,,5202.0,5202.0,45060.5,12.149999618530273,8.67199993133545,27.0,19.0,,,,,,,0.0,,,157.0,,151.6384735107422,1054.0,,7.0,79.0,,,,,,,,,0.0,,0.0,,1.0,,,,,,,,,,,,,,,,,,,,,,,
3058588415,"Jan 31, 2020, 7:45:09 AM",Weer lek ‚û°Ô∏è 6km klunen,Ride,"",914,7.42,,false,Cube Attain Race,activities/3264046457.fit.gz,,,914.0,867.0,7422.89990234375,13.83899974822998,8.524999618530273,2.0,7.0,,,,,,,0.0,,,0.0,,157.37225341796875,170.0,,10.0,,,,,,,,,,0.0,,0.0,,1.0,,,,,,,,,,,,,,,,,,,,,,,
3077015039,"Feb 6, 2020, 2:34:56 PM",Afternoon Ride,Ride,"",4982,43.70,,false,Cube Attain Race,activities/3284654670.fit.gz,,,4982.0,4982.0,43699.80078125,13.48900032043457,8.772000312805176,32.0,30.0,,,,,,,0.0,,,0.0,,159.33018493652344,981.0,,7.0,,,,,,,,,,0.0,,0.0,,1.0,,,,,,,,,,,,,,,,,,,,,,,
3199436806,"Mar 20, 2020, 6:46:01 AM",Ochtendrondje voor tentamen,Run,,1114,4.05,,false,,activities/3199436806.gpx,,,1114.0,1114.0,4056.5,,3.6413824558258057,15.04369068145752,15.043700218200684,,,,,,,,,,,,,345.7030029296875,,,,,,,,,,,,,,0.0,,1.0,4077.699951171875,,,,,,,,,,,,,,,,,,,,,,
3212060262,"Mar 24, 2020, 7:00:49 AM",Ochtendrondje met Piet‚òÄÔ∏è,Run,"",1962,6.25,,false,,activities/3212060262.gpx,,,1962.0,1959.0,6249.5,,3.190148115158081,24.37139892578125,24.371400833129883,,,,,,,,,,,,,532.59814453125,,,,,,,,,,,,0.0,,0.0,,1.0,6282.2001953125,,,,,,,,,,,,,,,,,,,,,,
3226147376,"Mar 28, 2020, 7:47:23 AM",Ochtendrondje,Run,,1047,3.51,,false,,activities/3226147376.gpx,,,1047.0,948.0,3514.199951171875,,3.7069621086120605,13.995879173278809,13.99590015411377,,,,,,,,,,,,,299.6002197265625,,,,,,,,,,,,,,0.0,,1.0,3533.89990234375,,,,,,,,,,,,,,,,,,,,,,
3252334185,"Apr 4, 2020, 7:20:51 AM",Ochtendrondje ,Run,,1379,5.08,,false,,activities/3252334185.gpx,,,1379.0,1367.0,5081.0,,3.716898202896118,12.870965957641602,12.871000289916992,,,,,,,,,,,,,432.61834716796875,,,,,,,,,,,,,,0.0,,1.0,5102.89990234375,,,,,,,,,,,,,,,,,,,,,,
3257917888,"Apr 5, 2020, 9:12:29 AM",Lunch Ride,Ride,"",5255,45.48,181,false,Cube Attain Race,activities/3482767636.fit.gz,,,5255.0,5206.0,45486.80078125,12.722000122070312,8.736000061035156,50.0,41.0,,,,,,,0.0,,,179.0,,159.99461364746094,1279.0,,19.0,181.0,,,,,,,,,0.0,,0.0,,1.0,,,,,,,,,,,,,,,,5924089.0,,,,,,,
3263560314,"Apr 6, 2020, 6:04:31 PM",Uitlooprondje,Run,"",984,3.00,,false,,activities/3263560314.gpx,,,984.0,981.0,3003.89990234375,,3.062079429626465,10.558675765991211,10.558699607849121,,,,,,,,,,,,,255.54061889648438,,,,,,,,,,,,0.0,,0.0,,1.0,3014.199951171875,,,,,,,,,,,,,,,,,,,,,,
3267181323,"Apr 7, 2020, 1:35:20 PM",Afternoon Ride,Ride,"",5808,50.78,,false,Cube Attain Race,activities/3492800799.fit.gz,,,5808.0,5808.0,50782.69921875,10.98900032043457,8.744000434875488,30.0,25.0,,,,,,,0.0,,,0.0,,154.89979553222656,1100.0,,19.0,,,,,,,,,,0.0,,0.0,,1.0,,,,,,,,,,,,,,,,5924089.0,,,,,,,
3274586393,"Apr 9, 2020, 6:19:51 AM",Morning Ride,Ride,"",6168,50.13,181,false,Cube Attain Race,activities/3500611341.fit.gz,,,6168.0,5970.0,50132.6015625,13.227999687194824,8.45300006866455,84.0,87.0,,,,,,,0.0,,,173.0,,150.72543334960938,1384.0,,14.0,181.0,,,,,,,,,0.0,,0.0,,1.0,,,,,,,,,,,,,,,,5924089.0,,,,,,,
3275786850,"Apr 9, 2020, 3:15:01 PM",Nog eentje om het af te leren‚òÄÔ∏è,Run,,947,2.91,,false,,activities/3275786850.gpx,,,947.0,947.0,2918.10009765625,,3.0814149379730225,10.533101081848145,10.633099555969238,,,,,,,,,,,,,248.19876098632812,,,,,,,,,,,,,,0.0,,1.0,2927.60009765625,,,,,,,,,,,,,,,,,,,,,,
3285567300,"Apr 11, 2020, 4:08:00 PM",Evening Ride,Ride,"",3076,21.53,13,false,Cube Attain Race,activities/3512189190.fit.gz,,,3076.0,3076.0,21534.80078125,11.0,7.021999835968018,19.0,17.0,,,,,,,0.0,,,137.0,,92.28334045410156,495.0,,17.0,13.0,,,,,,,,,0.0,,0.0,,1.0,,,,,,,,,,,,,,,,5924089.0,,,,,,,
3290063457,"Apr 12, 2020, 1:39:03 PM",Middagritje I,Ride,"",5627,50.01,186,false,Cube Attain Race,activities/3516933651.fit.gz,,,5627.0,5627.0,50015.3984375,12.888999938964844,8.892000198364258,27.0,23.0,,,,,,,0.0,,,177.0,,161.8159942626953,1315.0,,21.0,186.0,,,,,,,,,0.0,,0.0,,1.0,,,,,,,,,,,,,,,,5924089.0,,,,,,,
3290066579,"Apr 12, 2020, 3:20:12 PM",Middagritje II met Hannie‚òÄÔ∏è,Ride,"",3360,26.49,53,false,Cube Attain Race,activities/3516936962.fit.gz,,,3360.0,3360.0,26498.30078125,11.166999816894531,7.886000156402588,17.0,14.0,,,,,,,0.0,,,159.0,,119.58988189697266,673.0,,19.0,53.0,,,,,,,,,0.0,,0.0,,1.0,,,,,,,,,,,,,,,,5924089.0,,,,,,,
3294005983,"Apr 13, 2020, 3:13:57 PM",Rondje zonder de fietsüèÉüèº‚Äç‚ôÄÔ∏èüèÉ,Run,,1301,3.92,,false,,activities/3294005983.gpx,,,1301.0,1283.0,3919.89990234375,,3.0552611351013184,4.5708770751953125,4.770880222320557,,,,,,,,,,,,,333.45245361328125,,,,,,,,,,,,,,0.0,,1.0,3933.199951171875,,,,,,,,,,,,,,,,,,,,,,
3298589539,"Apr 14, 2020, 2:41:33 PM",Another one,Ride,"",4106,31.98,23,false,Cube Attain Race Disc,activities/3525938655.fit.gz,,,4106.0,4106.0,31985.599609375,11.038999557495117,7.789000034332275,23.0,20.0,,,,,,,0.0,,,145.0,,,720.0,,9.0,23.0,,,,,,,,,0.0,,0.0,,1.0,,,,,,,,,,,,,,,,5783796.0,,,,,,,
3302843517,"Apr 15, 2020, 12:47:39 PM",Deel I,Ride,Deel I: 1-55 ,6427,55.55,144,false,Cube Attain Race Disc,activities/3530412073.fit.gz,,,6427.0,6409.0,55554.3984375,11.383000373840332,8.663999557495117,40.0,30.0,,,,,,,0.0,,,164.0,,,1352.0,,16.0,144.0,,,,,,,,,0.0,,0.0,,1.0,,,,,,,,,,,,,,,,5783796.0,,,,,,,
3302844003,"Apr 15, 2020, 2:43:46 PM",Deel II met Han‚òÄÔ∏è,Ride,Deel II: 55-88,4031,32.36,60,false,Cube Attain Race Disc,activities/3530412725.fit.gz,,,4031.0,4031.0,32366.30078125,12.977999687194824,8.031000137329102,29.0,23.0,,,,,,,0.0,,,159.0,,,813.0,,16.0,60.0,,,,,,,,,0.0,,0.0,,1.0,,,,,,,,,,,,,,,,5783796.0,,,,,,,
3307706297,"Apr 16, 2020, 2:47:40 PM",Snel voor t eten,Ride,En boem...,4964,45.09,,false,Cube Attain Race Disc,activities/3535527660.fit.gz,,,4964.0,4948.0,45096.3984375,12.946999549865723,9.105999946594238,29.0,29.0,,,,,,,0.0,,,0.0,,,1081.0,,17.0,,,,,,,,,,0.0,,0.0,,1.0,,,,,,,,,,,,,,,,5783796.0,,,,,,,
3312491868,"Apr 17, 2020, 2:29:28 PM",Afternoon Ride,Ride,,6378,41.21,,false,Cube Attain Race Disc,activities/3540550416.fit.gz,,,6378.0,5425.0,41218.69921875,10.699999809265137,7.63100004196167,32.0,29.0,,,,,,,0.0,,,0.0,,,741.0,,15.0,,,,,,,,,,,,0.0,,1.0,,,,,,,,,,,,,,,,5783796.0,,,,,,,
3336337869,"Apr 22, 2020, 2:21:44 PM",Even testen of de motor nog start,Ride,"",2813,22.46,,false,Cube Attain Race Disc,activities/3565696203.fit.gz,,,2813.0,2798.0,22465.099609375,11.527999877929688,8.024999618530273,17.0,16.0,,,,,,,0.0,,,0.0,,,433.0,,21.0,,,,,,,,,,0.0,,0.0,,1.0,,,,,,,,,,,,,,,,5783796.0,,,,,,,
3386988660,"May 2, 2020, 5:26:21 PM",De beentjes weer even laten draaien,Ride,"",2933,24.25,,false,Cube Attain Race Disc,activities/3618877628.fit.gz,,,2933.0,2806.0,24256.69921875,10.725000381469727,8.663999557495117,22.0,30.0,,,,,,,0.0,,,0.0,,,494.0,,10.0,,,,,,,,,,0.0,,0.0,,1.0,,,,,,,,,,,,,,,,5783796.0,,,,,,,
3391028567,"May 3, 2020, 11:17:31 AM",Afternoon Ride,Ride,,5857,48.85,,false,Cube Attain Race Disc,activities/3623130910.fit.gz,,,5857.0,5838.0,48854.6015625,15.467000007629395,8.366999626159668,62.0,62.0,,,,,,,0.0,,,0.0,,,854.0,,14.0,,,,,,,,,,,,0.0,,1.0,,,,,,,,,,,,,,,,5783796.0,,,,,,,
3397844292,"May 4, 2020, 4:53:52 PM",Evening Ride,Ride,,3380,29.58,,false,Cube Attain Race Disc,activities/3630345789.fit.gz,,,3380.0,3328.0,29579.30078125,12.916999816894531,8.907999992370605,28.0,33.0,,,,,,,0.0,,,0.0,,,608.0,,13.0,,,,,,,,,,,,0.0,,1.0,,,,,,,,,,,,,,,,5783796.0,,,,,,,
3413715673,"May 7, 2020, 1:27:32 PM",Afternoon Ride,Ride,,5025,42.32,,false,Cube Attain Race Disc,activities/3646656763.fit.gz,,,5025.0,5025.0,42322.1015625,13.23900032043457,8.430999755859375,56.0,45.0,,,,,,,0.0,,,0.0,,,838.0,,19.0,,,,,,,,,,,,0.0,,1.0,,,,,,,,,,,,,,,,5783796.0,,,,,,,
3430657899,"May 10, 2020, 3:35:42 PM",Afternoon Run,Run,,1158,4.27,,false,,activities/3430657899.gpx,,,1158.0,1096.0,4278.0,,3.903284788131714,,0.20000000298023224,,,,,,,,,,,,,363.4557189941406,,,,,,,,,,,,,,0.0,,1.0,4287.10009765625,,,,,,,,,,,,,,,,,,,,,,
3439905137,"May 12, 2020, 3:02:54 PM",Beetje linkeballen,Ride,"",3800,32.29,,false,Cube Attain Race Disc,activities/3674330081.fit.gz,,,3800.0,3800.0,32295.80078125,13.225000381469727,8.519000053405762,31.0,25.0,,,,,,,0.0,,,0.0,,,679.0,,13.0,,,,,,,,,,0.0,,0.0,,1.0,,,,,,,,,,,,,,,,5783796.0,,,,,,,
3445136843,"May 13, 2020, 3:46:37 PM",Rondje voor het eten,Run,,1321,4.69,,false,,activities/3445136843.gpx,,,1321.0,1301.0,4695.0,,3.608762502670288,4.788421154022217,3.988420009613037,,,,,,,,,,,,,398.7406921386719,,,,,,,,,,,,,,0.0,,1.0,4703.2998046875,,,,,,,,,,,,,,,,,,,,,,
3461190779,"May 16, 2020, 3:55:40 PM",Afzien voor het eten,Run,Niet te verwarren met afzien van het eten,1653,6.00,,false,,activities/3461190779.gpx,,,1653.0,1649.0,6006.5,,3.6425106525421143,4.287564277648926,4.287559986114502,,,,,,,,,,,,,510.15716552734375,,,,,,,,,,,,0.0,,0.0,,1.0,6017.5,,,,,,,,,,,,,,,,,,,,,,
3467322031,"May 17, 2020, 2:32:36 PM",Afternoon Ride,Ride,,4977,45.11,,false,Cube Attain Race Disc,activities/3703119999.fit.gz,,,4977.0,4977.0,45109.0,11.888999938964844,9.069000244140625,24.0,21.0,,,,,,,0.0,,,0.0,,,1012.0,,18.0,,,,,,,,,,,,0.0,,1.0,,,,,,,,,,,,,,,,5783796.0,,,,,,,
3508691076,"May 25, 2020, 11:58:32 AM",Vergeten op te nemen,Run,"",1200,4.20,,false,,,,9.800000190734863,1200.0,1200.0,4200.0,,3.5,,,,,,0.0,,,,,,,,,356.07147216796875,,,,,,,,,,,,0.0,,0.0,,0.0,,,,,,,,,,,,,,,,,,,,,,,
3531202652,"May 29, 2020, 2:48:07 PM",Rustig rondje met Han ‚òÄÔ∏è,Ride,En twee keer het gas los,4043,32.46,,false,Cube Attain Race Disc,activities/3770482772.fit.gz,,9.800000190734863,4043.0,4043.0,32459.19921875,14.800000190734863,8.028493881225586,25.0,21.0,-48.0,-38.0,3.200000047683716,0.009242371656000614,,,0.0,,,0.0,,128.7548828125,655.0,,20.0,,,,,,,,,,0.0,,0.0,,1.0,,,,,,,,,,,,,,,,5783796.0,,,,,,,
3534293731,"May 30, 2020, 6:30:00 AM",Rondje met Piet,Ride,En dan weet je weer dat je te weinig hebt gedaan..,7501,60.13,235,false,Cube Attain Race,activities/3773744191.fit.gz,,9.800000190734863,7501.0,7057.0,60137.69921875,12.899999618530273,8.521708488464355,79.0,77.0,-40.0,-29.0,2.5999999046325684,0.0033257007598876953,,,0.0,,,176.6090087890625,,149.74525451660156,1650.0,,19.0,235.0,,,,,,,,,,,0.0,,1.0,,,,,,,,,,,,,,,,5924089.0,,,,,,,
